{"cameraMode":{"drawMode":2,"name":"Shaded Wireframe","section":"Shading Mode"},"sceneLighting":true,"audioPlay":false,"sceneViewState":{"m_AlwaysRefresh":false,"showFog":true,"showSkybox":true,"showFlares":true,"showImageEffects":true,"showParticleSystems":true,"showVisualEffectGraphs":true,"m_FxEnabled":true},"in2DMode":false,"pivot":{"x":24.188535690307618,"y":15.50529956817627,"z":-20.015544891357423},"rotation":{"x":0.2101946324110031,"y":0.2617608308792114,"z":-0.058339256793260577,"w":0.9402151703834534},"size":0.0032599105034023525,"orthographic":false}