{"cameraMode":{"drawMode":2,"name":"Shaded Wireframe","section":"Shading Mode"},"sceneLighting":true,"audioPlay":false,"sceneViewState":{"m_AlwaysRefresh":false,"showFog":true,"showSkybox":true,"showFlares":true,"showImageEffects":true,"showParticleSystems":true,"showVisualEffectGraphs":true,"m_FxEnabled":true},"in2DMode":false,"pivot":{"x":57.70000076293945,"y":2.5799999237060549,"z":-50.400001525878909},"rotation":{"x":0.3587755560874939,"y":0.008073846809566021,"z":-0.0021568976808339359,"w":0.9335623979568481},"size":19.974151611328126,"orthographic":true}